base,papel,marqueteiro,item,data_evento,tipo_midia,link_final,status,observacao
Debates Presidenciais 2022,central,,Debate presidencial - Band/UOL/Folha/Cultura,2022-08-28,video,https://www.youtube.com/watch?v=WwdgWl_nmKI,resolvido,Corroborado por citacao academica (SciELO)
Debates Presidenciais 2022,central,,Debate presidencial - Globo,2022-09-29,video,https://globoplay.globo.com/v/10979025/,nao_resolvido_manual,Sem mirror publico fora do Globoplay
Debates Presidenciais 2022,central,,Debate presidencial - Band/UOL/Folha/Cultura,2022-10-16,video,https://www.youtube.com/watch?v=iYVk1CeIs60,resolvido,Corroborado pelo UOL e por citacao academica
Debates Presidenciais 2022,central,,Debate presidencial - Globo,2022-10-28,video,https://globoplay.globo.com/v/11072315/,nao_resolvido_manual,Sem mirror publico fora do Globoplay
Debates Governo da Bahia 2022,referencia_estrategica,Sidonio,Debate - Band Bahia/BandNews FM,2022-08-07,video,https://www.youtube.com/watch?v=VnsIBjaE2Ps,resolvido,Link original ja era midia final
Debates Governo da Bahia 2022,referencia_estrategica,Sidonio,Debate - TVE Bahia/Radio Educadora FM,2022-09-06,video,https://www.youtube.com/watch?v=1a0Kal0Dadw,resolvido,Link original ja era midia final
Debates Governo da Bahia 2022,referencia_estrategica,Sidonio,Debate - TV Bahia/g1/Globo,2022-09-27,video,https://globoplay.globo.com/v/10971589/,nao_resolvido_manual,Sem mirror publico fora do Globoplay
Debates Governo da Bahia 2022,referencia_estrategica,Sidonio,Sabatina ACM Neto - TV Aratu/SBT Bahia,2022-10-13,artigo,https://aratuon.com.br/politica/acm-neto-ataca-ausencia-de-jeronimo-na-aratu-e-reforca-criticas-a-seguranca-publica-assista/,nao_resolvido_manual,Pagina jornalistica com player embutido nao identificado com seguranca
Debates Governo da Bahia 2022,referencia_estrategica,Sidonio,Entrevista ACM Neto - Band Bahia,2022-10-17,video,https://www.youtube.com/watch?v=FWlk95ZCwzA,resolvido,Link original ja era midia final
Debates Governo da Bahia 2022,referencia_estrategica,Sidonio,Entrevista ACM Neto - Record TV Itapoan,2022-10-18,artigo,https://acervo.muitainformacao.com.br/politica/sem-jeronimo-debate-da-record-sera-transformado-em-entrevista-com-acm-neto/,nao_resolvido_manual,Registro jornalistico sem midia publica identificavel
Debates Governo da Bahia 2022,referencia_estrategica,Sidonio,Entrevista ACM Neto - TV Bahia/Globo,2022-10-27,video,https://globoplay.globo.com/v/11068254/,nao_resolvido_manual,Sem mirror publico fora do Globoplay
Programas Eleitorais Lula 2026,central,,1o Programa Eleitoral,2026-08-29,video,https://www.youtube.com/watch?v=M3MCgADEZgA,resolvido,Confirmado por materia oficial do PT; audio alternativo em Amazon Music (episodio d33aa018)
Programas Eleitorais Lula 2026,central,,2o Programa Eleitoral,2026-09-02,audio,https://music.amazon.com/podcasts/ff48dcc6-34ff-453a-92b9-9d27161a646d/episodes/3751ed11-8480-4c24-83a0-c92d5dc9e3c9,resolvido,So encontrado como audio (Amazon Music)
Programas Eleitorais Lula 2026,central,,3o Programa Eleitoral,2026-09-04,video,https://www.youtube.com/watch?v=8_WlzxjZPRE,resolvido,Extraido do embed da pagina Zelflorizel (nao achado pela pesquisa anterior); audio alternativo episodio f2c1ff68
Programas Eleitorais Lula 2026,central,,4o Programa Eleitoral - Educacao e futuro,2026-09-06,video,https://www.youtube.com/watch?v=2iJWgWhXc0g,resolvido_com_ressalva,ATENCAO: data/fonte original do cliente (08/09, materia sobre Trump/Flavio) estava errada - confirmar com o cliente se e este o programa certo; audio alternativo episodio cfbe76f1
Programas Eleitorais Lula 2026,central,,5o Programa Eleitoral,2026-09-01,audio,https://music.amazon.com/es-us/podcasts/ff48dcc6-34ff-453a-92b9-9d27161a646d/episodes/791dd7c3-50ce-4165-90f6-16ad79a0bdc8,resolvido,So encontrado como audio (Amazon Music); data aproximada
Programas Eleitorais Lula 2026,central,,6o Programa Eleitoral,2026-09-01,audio,https://music.amazon.com/podcasts/ff48dcc6-34ff-453a-92b9-9d27161a646d/episodes/ab01d237-4e2d-4064-8d37-56a2855a62d1,resolvido,So encontrado como audio (Amazon Music); data aproximada
Programas Eleitorais Lula 2026,central,,7o Programa Eleitoral,2026-09-13,video,https://www.youtube.com/watch?v=rOkc5K1aY5Y,resolvido,Extraido do embed da pagina Zelflorizel; audio alternativo episodio d020783a
Programas Eleitorais Lula 2026,central,,8o Programa Eleitoral,2026-09-01,audio,https://music.amazon.de/podcasts/ff48dcc6-34ff-453a-92b9-9d27161a646d/episodes/2ba0d89b-3c6e-4592-88a5-1182460ec91c,resolvido,Confirmado pelo feed oficial; data aproximada
Programas Eleitorais Lula 2026,central,,9o Programa Eleitoral,2026-09-18,video,https://www.youtube.com/watch?v=mwgbDGuR3EQ,resolvido,Extraido do embed da pagina Zelflorizel; audio alternativo episodio 023c7d04
Programas Eleitorais Lula 2026,central,,10o Programa Eleitoral,2026-09-25,audio,https://music.amazon.de/podcasts/ff48dcc6-34ff-453a-92b9-9d27161a646d/episodes/2d6a5641-8a47-4f50-99c3-c032ff10ef4c,resolvido,Confirmado pelo feed oficial; data limite ate 25/09
Programas Eleitorais Lula 2026,central,,11o Programa Eleitoral,2026-09-25,audio,https://on.soundcloud.com/eZg7oyqrZgSKEClFvO,resolvido,Download indicado pelo proprio episodio; alternativa Amazon Music tambem existe
Programas Eleitorais Lula 2026,central,,12o Programa Eleitoral,2026-09-25,audio,https://podcasts.apple.com/pt/podcast/podcast-do-lula/id6806087671,nao_resolvido_manual,Existencia confirmada (~6min) mas sem permalink individual estavel - link e do podcast inteiro
Programas Eleitorais Flavio Bolsonaro 2026,central,,Inicio da campanha - O Brasil Vai Vencer,2026-08-29,video,https://www.youtube.com/watch?v=B8WpaKAOmE0,resolvido,Confirmado por registro de canal oficial com data e duracao
Programas Eleitorais Flavio Bolsonaro 2026,central,,Vamos devolver o Brasil as familias brasileiras,2026-09-01,video,https://www.youtube.com/watch?v=FoRy73N4EGo,resolvido,Link original ja era midia final
Programas Eleitorais Flavio Bolsonaro 2026,central,,Soberania e viver sem medo,2026-09-01,video,https://www.youtube.com/watch?v=Pqlnxr0g7_E,resolvido,Link original ja era midia final
Programas Eleitorais Flavio Bolsonaro 2026,central,,Vamos tirar o Brasil do vermelho,2026-09-03,video,https://www.youtube.com/watch?v=2Xta7_91rhU,resolvido,Link original ja era midia final
Programas Eleitorais Flavio Bolsonaro 2026,central,,Tesouraco nos impostos,2026-09-05,video,https://www.youtube.com/watch?v=cTuME1vHD4M,resolvido,Link original ja era midia final
Programas Eleitorais Flavio Bolsonaro 2026,central,,A soberania comeca pela Seguranca Publica,2026-09-05,video,https://www.youtube.com/watch?v=AN1pzZfg4Gc,resolvido,Link original ja era midia final
Programas Eleitorais Flavio Bolsonaro 2026,central,,Independencia so existe com liberdade,2026-09-10,video,https://www.youtube.com/watch?v=m6NAMAZ61SM,resolvido,Link original ja era midia final
Programas Eleitorais Flavio Bolsonaro 2026,central,,Pronunciamento oficial,2026-09-15,video,https://www.youtube.com/watch?v=BT1KQUX249w,resolvido,Link original ja era midia final
Programas Eleitorais Flavio Bolsonaro 2026,central,,Programa eleitoral,2026-09-17,canal,https://www.youtube.com/@flaviobolsonaro,nao_resolvido_manual,Canal inteiro - nao foi possivel identificar video especifico com seguranca
Programas Eleitorais Caiado 2026,central,,Coragem para mudar,2026-08-29,video,https://www.youtube.com/watch?v=2OnlkgUGoO0,resolvido,Link original ja era midia final
Programas Eleitorais Caiado 2026,central,,Programa eleitoral presidencial,2026-09-01,canal,https://www.youtube.com/@ronaldocaiado55,nao_resolvido_manual,Canal com 848 videos - inviavel achar video especifico sem risco de atribuicao errada
Programas Eleitorais Caiado 2026,central,,Gestao de Goias - seguranca saude e educacao,2026-09-03,video,https://www.youtube.com/watch?v=bRu_moT3zR8,resolvido,Link original ja era midia final
Programas Eleitorais Caiado 2026,central,,Programa eleitoral,2026-09-05,canal,https://www.youtube.com/@ronaldocaiado55,nao_resolvido_manual,Canal com 848 videos - inviavel achar video especifico sem risco de atribuicao errada
Programas Eleitorais Caiado 2026,central,,Programa eleitoral,2026-09-08,canal,https://www.youtube.com/@ronaldocaiado55,nao_resolvido_manual,Canal com 848 videos - inviavel achar video especifico sem risco de atribuicao errada
Programas Eleitorais Caiado 2026,central,,Programa eleitoral,2026-09-10,canal,https://www.youtube.com/@ronaldocaiado55,nao_resolvido_manual,Canal com 848 videos - inviavel achar video especifico sem risco de atribuicao errada
Programas Eleitorais Caiado 2026,central,,Programa eleitoral,2026-09-12,canal,https://www.youtube.com/@ronaldocaiado55,nao_resolvido_manual,Canal com 848 videos - inviavel achar video especifico sem risco de atribuicao errada
Programas Eleitorais Caiado 2026,central,,Programa eleitoral,2026-09-15,canal,https://www.youtube.com/@ronaldocaiado55,nao_resolvido_manual,Canal com 848 videos - inviavel achar video especifico sem risco de atribuicao errada
Programas Eleitorais Caiado 2026,central,,Formato 1 contra 30,2026-09-17,artigo,https://noticias.r7.com/eleicoes/2026/caiado-aposta-em-eleitor-indeciso-no-novo-programa-eleitoral-17092026/,nao_resolvido_manual,R7 confirma conteudo mas pagina e materia jornalistica nao o video final
Programas Eleitorais Caiado 2026,central,,Programa eleitoral,2026-09-19,canal,https://www.youtube.com/@ronaldocaiado55,nao_resolvido_manual,Canal com 848 videos - inviavel achar video especifico sem risco de atribuicao errada
Programas Eleitorais Caiado 2026,central,,Programa eleitoral,2026-09-22,canal,https://www.youtube.com/@ronaldocaiado55,nao_resolvido_manual,Canal com 848 videos - inviavel achar video especifico sem risco de atribuicao errada
Programas Eleitorais Caiado 2026,central,,Mulheres e politicas sociais,2026-09-24,artigo,https://www.epolitica.com.br/noticia/pol-tica-livre-candidatos-a-presidencia-apresentam-propostas-em-campanha,nao_resolvido_manual,Materia sobre o conteudo mas nao e midia de video
Programas Eleitorais Caiado 2026,central,,Programa eleitoral,2026-09-26,canal,https://www.youtube.com/@ronaldocaiado55,nao_resolvido_manual,Canal com 848 videos - inviavel achar video especifico sem risco de atribuicao errada
